Actual,Predicted
1.8,0.3671138380385275
4.1,2.3019289608824187
0.6,0.6092530278758694
4.3,1.732294216831617
1.8,1.7044467996475108
1.8,2.292922664235987
1.0,0.7274159540239522
1.8,1.2734598494638953
1.4,1.1687035965162278
1.0,0.5317278258656633
1.7,1.8246503590434857
5.0,3.896856050641219
1.4,2.3227173175641345
0.6,0.35154917715429557
2.8,2.9062929108695807
1.8,1.318176058218617
2.5,0.7158404420577182
4.5,4.928948268016954
0.7,0.789817070881198
4.8,3.4677137390062356
2.9,2.558154846755001
1.9,1.561784465065079
1.6,1.408410323180628
0.4,-0.14200743595388587
1.2,1.384214356472146
0.2,-0.01980108451592888
4.6,4.0126029652247
2.3,2.022209430056276
1.8,0.7492527143160279
1.5,1.7633223511329579
2.9,2.304061666165698
2.7,2.853648537523223
2.4,2.27238273278288
5.9,4.259815513349007
1.8,1.5847662040321717
1.8,1.5655143295083098
1.2,1.2205249512264178
1.8,0.4378985435172644
1.3,1.1234958457436066
3.9,2.557524187080473
1.8,2.010039815943964
1.8,0.9293078272464036
0.4,0.3198792595487969
3.6,3.1224524749227562
1.8,2.046974225063724
1.0,0.5720659026462929
0.7,0.877830183405743
1.8,2.055117970025213
2.6,0.8183998090429631
0.8,0.4498066099300415
1.6,1.4342272912425105
1.1,0.8159536131107132
1.8,1.2734183485804786
1.8,1.5957831385138128
3.6,2.9095546488664734
2.0,1.7460104198564819
3.6,3.030524218510029
3.5,3.3413560455242974
2.6,2.0739090439076
1.6,1.3917007261181282
1.0,0.7567562850813481
1.0,1.0094653038152308
3.4,3.0243718964973407
1.8,0.24094674301298435
1.8,1.515602867192912
1.9,1.3834816927485205
1.8,1.7762600378746127
1.8,0.8147599023628245
1.8,1.515708325501942
2.4,2.5824366356421735
1.9,1.2496035597816357
0.5,0.38467176531250735
2.0,1.5794664942834302
1.8,2.9257158436651434
3.2,3.2954519256071224
0.9,1.12018070322678
3.6,5.00013515843198
0.9,0.4604929695481008
5.5,4.841841695166377
1.9,1.9196377402780334
1.3,0.7915448153143851
2.1,2.399124145557093
2.1,1.7874244831001194
1.5,1.1599974321483955
0.9,0.9959769136433124
1.5,1.2024142486413463
4.5,3.7593781161396795
1.4,0.9835862327329626
2.9,2.7753408808462803
1.2,0.9897376741853466
1.5,1.1867995114897703
1.8,1.7811723975755493
0.8,1.5655143295083098
0.5,1.0165625705258097
0.9,0.4806748885093013
1.3,1.0845540206915905
3.0,3.4744441063545404
1.2,1.0874379982728706
3.3,2.4395048208452605
0.4,-0.002084777900708934
5.0,4.200997041700483
1.8,0.47064803497822005
0.3,0.4648269612075091
2.5,2.5203637737618125
1.8,2.1259793687663047
2.9,3.0087258025462567
1.6,2.363769194618878
1.1,0.9537735887698054
0.6,0.7925361539445921
3.7,3.208649602684738
2.0,1.8793690679959172
2.1,1.5923325316049552
1.5,1.5037349609493083
2.7,2.4434877347441306
1.8,0.786006785124699
4.1,3.4765679652848895
1.8,0.8927450850102054
2.0,1.8429270375647597
1.7,1.037744302248738
2.3,2.0694896685316286
1.8,1.7953245173346795
2.3,1.8672063753803603
1.8,2.814517701137616
2.4,1.803375358027079
2.5,2.2730123243988913
1.8,1.7040644328573828
1.8,1.8139782200626724
1.8,0.34607718491036565
6.6,3.0260952189213115
2.1,1.485933484857442
3.4,3.2230811432661235
1.1,1.023162845906838
3.0,2.403356313663645
1.4,1.4055531574630489
0.9,0.8284087760108446
2.8,2.2889658741850267
1.8,1.4840425600551224
1.5,1.851673248550098
2.2,1.784495484724945
2.7,2.4985177234679954
1.4,1.0904691692042159
1.6,1.4771671262457975
2.5,1.9505870478091225
1.6,1.0195546876865453
0.9,0.8456386348599407
1.6,1.4206216698513348
3.3,3.741042756382846
2.2,1.6397542018296287
2.5,2.0691702399898126
2.5,1.7703936502535325
1.8,0.7847386467642876
1.7,1.6633200134260262
1.3,0.9537177617773557
1.8,0.5338909093518502
0.9,0.6262614556813642
2.4,2.030635662928655
1.1,0.7219959422055557
2.3,2.0322352086537316
3.2,2.458815341759736
3.1,2.400482345989459
1.7,1.3338514048522851
7.0,4.888903814725551
1.8,1.698460752706919
1.8,2.7715619775816065
1.3,1.171147125154161
4.3,3.969110715390334
0.7,0.37646752210192314
2.6,1.706981008536777
3.0,2.5794847268550765
6.7,5.0966190798884865
2.5,2.28697785938359
1.7,1.4464814650253754
1.8,1.286404300350184
6.2,4.447559389659289
1.8,1.3168723065309604
1.6,1.1057541200829175
1.8,1.6736025232945517
2.3,1.4935563956408457
1.8,1.2102789453887277
2.1,2.0999455647666356
2.3,2.298014374841061
1.4,0.8861524506773382
1.8,1.7063352036342365
1.0,0.7511029278681525
0.3,1.0229346305202829
1.8,1.2346771643040557
3.3,2.4635142479542065
4.3,2.4725829845228
5.5,5.007984239312055
4.5,4.269723747150255
1.8,1.2558457246559256
0.4,0.14180434078295412
2.5,2.276835844579757
1.8,3.0708609012183485
4.2,3.921644632052182
1.8,1.1966991797109705
2.7,1.9114347570691355
0.5,0.1289754868501085
1.1,0.30596570672166923
1.3,0.9830257800126945
1.4,1.3027274605232901
2.2,0.8785793581307706
8.4,5.494559011336902
1.4,0.7708484677970451
4.1,3.931035002555933
1.1,1.2450030085005652
1.6,1.4079245720561446
1.8,3.7136123207168916
0.5,1.1010703978457457
2.1,2.052656394668414
2.8,2.20501572210612
1.2,1.0530487717976618
0.4,1.7358216849356847
0.5,0.9828437840760945
1.8,1.5348642718676155
0.2,1.28857803392768
4.9,4.673960708360911
1.0,1.5072696670394927
0.4,0.7263055691825013
1.0,1.1134237759551098
2.3,2.3316036191363074
2.2,2.549049801313462
1.2,0.8600160854255848
2.0,1.6065195153638476
1.9,2.7104532046110084
1.7,1.3609238219285666
7.8,6.711497109074814
1.8,1.6246838427770418
2.6,1.8962291778014788
1.5,1.2621705300304473
1.1,0.9180164954940067
1.8,1.1864712707146994
2.6,1.9779570923573584
1.8,1.8076162712022807
1.8,1.2950726014551541
0.6,0.5218313873299889
0.4,0.607862560978208
0.5,0.5332591723004019
5.4,4.620204440815045
2.8,1.4774013240591894
2.6,2.1347008903741984
6.3,4.276741718299428
0.8,0.5366849374081386
3.5,2.875594969701008
0.3,-0.3709255299993359
3.8,3.196270107385816
1.8,2.557202811987147
2.6,3.144748536829777
1.8,1.4816781789530746
1.0,1.4292106328868763
1.0,1.0517548212298136
3.7,3.29551270732561
1.8,0.43105751822950733
1.2,0.9768393527463919
2.0,1.6448266974508543
2.9,2.590932843736383
3.0,2.6393737119886795
2.2,1.8712852582983968
1.4,2.681454782261447
3.3,3.142819976984166
1.8,0.8138788084529829
0.4,0.7821191078421295
1.8,1.1906869181437754
1.8,2.2505191432735483
1.1,1.0073811813106754
0.4,-0.040401906573795054
1.8,1.6461169552293589
1.8,0.5959932990515167
1.8,1.617677217371552
0.5,-0.08886406568716243
0.5,0.3081645769930086
2.9,2.445317827651514
3.4,2.7852043944246057
5.7,4.629973913921941
1.5,1.5274190657149356
0.9,0.6792095740690671
1.1,0.9049439402247372
2.6,1.9436970325139293
2.8,2.522027060454993
0.3,0.30958620619471344
1.8,2.001155165534435
1.8,2.967082051947593
1.8,1.2054425269892786
1.8,0.6222380336585482
2.3,1.6237739369959239
1.2,1.2078497023059367
0.9,1.230629476410605
0.8,0.8789506543329113
2.3,1.700106833127434
0.3,0.9907198256836361
1.8,2.116157124229092
0.5,0.387819361210588
1.8,1.083893229989763
1.8,0.9204503350182648
1.9,1.7663093963834358
2.8,2.334034011593803
1.1,0.9763464494390244
1.8,1.998110645736104
1.8,1.9992663842234903
1.8,0.06277489085251364
1.2,0.8301114343038496
0.1,0.5268112527661728
0.5,0.9825981862998983
0.9,0.2597583011654061
3.3,3.4466560302247453
1.8,1.3741489054509237
4.6,4.366551342556964
1.8,1.0022357423813237
1.7,1.3739244659767462
1.7,1.748128277914748
1.9,1.7438353326879255
1.4,1.2502689947675214
1.8,1.7545657978531644
1.9,1.5918167981444904
0.6,0.25374035250591365
1.2,1.4649923474434827
1.7,1.201387151355827
2.1,1.6468043030105668
1.8,0.6828541382649991
1.8,-0.2457864746739411
1.2,0.6874941387787654
1.3,0.8556238088588367
0.7,0.5078641007505862
1.8,1.400439932543436
1.5,1.549634960094426
0.3,1.1046569320066626
1.8,1.7733142397012187
1.0,0.6763199329611811
1.8,1.5514580865621819
1.8,1.3970983940667507
1.6,2.226324386199897
1.3,1.1040407855943204
1.8,0.42249731196526863
1.8,0.6587871279395405
0.4,3.076858057905117
4.6,3.813609298890346
3.8,2.8003789611074703
2.1,1.777297944619547
1.7,1.2962054701317496
1.7,2.6679128436148583
2.8,2.6438695856312817
1.8,1.0287721281506985
1.8,1.5448933212777134
1.4,1.3357214028096072
2.9,2.732472279485823
3.8,3.089924208687977
0.7,0.5702487039296504
1.8,1.6298732484375773
1.8,0.17934755280224435
2.7,2.290910840065105
1.5,1.5414652097700259
1.0,0.5643021336843084
1.8,0.872420509990094
1.7,1.601790507760219
0.9,0.3644165003991233
0.9,1.3097199950409204
1.8,2.0287025446963023
4.0,3.188489404863905
1.0,0.24139646750186228
1.2,1.1796754782532526
1.3,1.6538120112145216
4.7,3.6208737147179217
1.8,1.229950755449212
1.6,1.4096599044058191
1.8,1.2932203462730483
0.9,0.8225263805998773
1.0,0.9984334055336153
7.2,4.430002475709255
0.9,0.506653144987719
1.8,1.0021310426562031
0.4,0.7706308409463962
1.8,3.7013422635063504
1.8,1.604689404493939
0.9,1.1605058691077619
2.0,2.153094897800373
0.5,0.8436778083885283
1.8,0.2505746788642662
2.7,2.2075437156044857
1.6,1.5765004339605686
4.0,3.6048359774319962
3.2,3.5427727306456136
0.4,-0.02581437052852653
0.9,0.6825053444572446
1.8,1.265836871575758
1.5,0.8648889605766481
1.1,1.2629143879065188
0.4,0.2744174681206293
1.7,1.3085252076935983
1.8,2.3860741682394027
1.8,3.086179447358112
2.6,1.726151130351628
1.0,0.7071298188550015
0.9,1.0478340838868372
2.2,1.6681331783479925
5.1,4.777802944879573
2.7,1.5621630924148877
2.7,2.555307927180942
3.3,2.4253750664524847
3.3,2.70761242166106
1.8,1.4940624686591042
0.4,0.7939004934931604
2.2,1.8805344384919362
1.7,1.6477586153971253
4.0,3.3751840751672475
5.1,4.552306035968616
1.8,2.0249047505164603
0.5,0.15267258010551998
1.8,1.094569220129726
1.9,1.6535717395447649
3.5,2.6958402362668448
1.5,1.4047710167184828
1.3,1.0035187793951206
2.1,1.6930865543728175
2.5,1.907320973166301
1.8,1.0833460012614173
1.5,1.2785216853744812
1.2,1.076091855068034
3.2,2.7160241357506614
1.0,0.7412381780647166
1.8,1.256285311596525
1.8,1.6475937885767302
1.8,1.9201776833062365
1.8,1.2325235236721626
1.8,2.021811942329929
3.1,2.989006007698147
1.8,1.2829859719627352
0.7,0.9947873398803586
5.4,4.3089375066878235
1.8,1.372813627681448
2.3,1.8267018070303283
2.2,1.8548966738071384
3.1,2.6887295886756797
1.8,2.535042261010318
1.4,0.4384437459893342
1.7,1.4364244224459735
2.3,2.18937298609307
0.8,0.8163082600954651
4.1,3.8385991946026854
1.0,1.211825322243965
5.3,4.270924789427695
1.8,1.454985760757473
3.3,2.223738800865427
1.8,2.9010827982549214
0.5,-0.051187387860660793
1.8,0.1622272755952725
0.5,0.6991831805286353
2.8,2.9698480734365207
1.8,3.382157914223637
1.6,2.037921273154655
0.9,0.6534241044936315
1.2,1.30750179536564
1.8,0.5017831711914273
1.8,1.3822524984429192
2.4,1.5879011550165256
1.8,1.3639871189921087
1.5,1.2070966138915997
2.5,2.0510552196352774
2.3,2.1078155375776646
2.6,2.2117728236930216
0.7,0.46430758717182674
1.8,1.5780064309866058
2.1,2.0687840726959443
1.7,1.4797416852382324
1.2,1.02119599772559
1.8,1.0585398410478497
1.9,1.7819052887235323
3.5,3.013799828290575
4.3,3.5046727781513827
3.0,3.0632549343288575
1.9,2.070024436966329
2.2,3.075485119771699
1.7,1.845677936354454
1.7,2.3028560581132034
0.9,0.5736206317451107
1.6,1.3060583426320993
1.1,0.8226230088623823
0.7,0.8283462044211972
2.3,2.1370931684900043
1.8,1.0259678359682383
0.7,1.0436056067472488
8.6,6.965004145990188
0.6,0.4278930430840391
4.6,4.040055301392562
3.5,2.1495226679774975
4.1,3.242768547019544
4.0,3.3843620903898075
1.8,-0.20417977545122423
3.4,3.1735368762313723
4.7,3.7102797719469978
2.0,1.6407768224011985
2.1,1.9739913188515832
1.0,0.9804713582451703
1.9,1.9320499176591366
1.7,1.5010366699025477
3.4,3.150139123330285
1.3,1.1952056528705581
0.3,0.07142341105706373
1.6,1.7937301088675348
1.8,0.8480539920121174
5.7,5.071935835893636
0.2,0.4286203940213458
3.4,3.148789515241088
1.5,1.2213728091309197
2.0,0.5974265677779924
1.5,2.6924551295126093
3.8,2.935364006777708
2.0,1.8385358535393128
1.3,0.9823260539979457
1.3,0.9916444467905979
0.9,2.118128794440954
0.9,1.3400168370695396
1.8,2.664890247088277
0.6,0.3340450097203178
1.7,1.7505082667757619
1.4,0.9559865255263595
0.8,0.43389785278422544
2.0,1.9665258972581654
0.6,0.672012141438028
1.8,2.0031671268818565
0.8,0.334010617844791
4.2,3.8076814165572634
1.8,1.6129474197103222
0.8,1.1111294524525934
1.8,1.2182279508022908
1.8,1.0041562155744306
1.8,3.367750612976372
0.9,0.5927667695407659
1.8,1.918645396716505
1.8,3.560370294223989
2.8,2.7676766925260345
1.8,2.590155473011057
5.7,4.645112144080745
1.8,1.852879511236965
1.8,2.2770542272354914
1.3,1.4982356115265647
4.1,2.696381803378311
1.8,1.1596029729567983
3.7,3.2711717642264997
1.2,0.9701551344221294
2.3,1.9822155309553413
0.6,0.3894555157133246
3.0,3.0795958635421217
1.8,4.104827724183041
1.0,1.2130459374968678
0.8,0.37161689238169515
0.1,0.5412672584003324
1.8,1.9887763112039203
2.5,2.1703788331414797
2.2,1.958149872583767
1.8,1.2525118988331072
0.3,0.3281862353173506
1.9,1.5763903719862737
0.5,1.059751249212356
1.5,1.1441426321401007
0.2,0.5733011818414098
3.8,3.2114589743024533
3.6,2.603619403752797
1.8,3.415401369887578
1.8,2.6985256319777973
2.7,1.8661174588771905
3.4,3.088578650673087
1.9,2.000556538841683
2.4,1.4285434307741651
1.8,0.8086929603827766
1.2,1.362900072292228
2.2,1.7936303333375865
3.5,1.884132772581902
3.0,4.251974055739806
0.7,0.5460906151000031
1.8,0.9575634572585264
3.0,2.4020795254655862
1.5,1.1426642752931255
1.8,1.6825373475234169
0.9,0.8900320263263495
0.4,0.3340148895152617
1.6,1.9117296692318417
0.7,0.7292167529250186
1.3,1.1657297064061622
3.9,3.8578427840366043
6.6,4.118907375376311
2.4,2.080336772801976
1.3,0.9801941501064365
3.7,3.6515823761639306
5.4,3.893534874435333
1.1,0.9497189547498516
1.8,0.31298112186593574
1.8,1.551257247917449
1.0,0.5480840710295367
2.8,3.1506492388274507
0.7,1.0433479224286906
3.2,2.807222536187364
1.8,1.6986618292878661
0.6,1.1493474504314196
0.7,0.4562759413798849
2.9,1.9641694334937214
5.0,3.919444748311464
1.8,1.9582013049441338
1.9,1.2604777871867758
1.2,1.2264628603765293
3.2,3.2224412354346565
4.6,4.00806840598771
1.7,1.612793867151372
1.9,1.9299877576671551
0.6,0.565310118677085
1.7,1.3191947993270041
3.7,3.402495323893756
9.2,5.980856057160451
3.1,2.694835210199855
0.8,1.262071071436759
2.6,1.381582560925539
3.3,2.7512218905979138
0.9,1.0340846016008243
1.8,1.6370834794211526
1.8,1.3913188734762312
1.8,0.0837006311603643
1.8,0.9805923323215645
3.7,3.2118445936944884
1.1,0.8047918906557652
2.5,2.1439401596844943
4.5,4.145369468924348
2.3,1.9308344262893269
1.8,0.1974249516813753
1.8,1.8162282468684756
1.1,1.140838071760593
0.5,0.30088413036439454
2.4,2.319892075553031
1.8,2.392103824893111
3.4,2.7058219358069286
0.6,0.27742192898543405
1.8,1.2302447937620602
4.0,3.8953273634288985
3.3,2.507470772278827
1.0,1.0303727097143742
0.8,1.0499946825724837
3.3,2.857907711136618
5.6,3.7398343873881004
1.8,0.5309503054229041
1.0,1.1049246816174354
1.3,0.6646559769783942
0.8,0.08980859068933
2.5,2.757635729493652
2.5,1.9188692735977864
3.9,3.0776859956049645
0.8,0.491263754715489
1.8,1.7997516548675585
0.7,0.5843695934379689
3.8,3.7392618969347313
5.5,5.017871076090095
1.8,1.5008633431946579
1.8,1.2036678172623645
0.9,0.6490711514291239
0.6,0.4218518168214902
2.2,2.1263695215487664
1.8,1.5065001503874875
1.1,0.8283010935912363
1.1,0.9995990515838618
1.8,0.6443564690071097
1.8,1.5655143295083098
1.1,1.0623523414160227
1.2,1.075670043304583
1.0,0.6386813173791979
1.8,1.2765983046741614
1.5,1.0822875801899203
0.9,0.41096897823535383
4.1,3.5224058515379184
2.3,1.9471487379737977
4.3,3.584227891250003
0.5,0.3538328550580163
1.8,2.2584818924717824
1.8,2.663412171441289
2.8,2.7128749371363696
2.1,1.7776039330848306
2.8,2.9243596481848884
0.4,-0.09557522920670491
1.4,0.8645206708248413
3.6,3.185520015876027
4.5,4.018742981822521
0.8,0.6905343694995587
1.5,1.542508590583631
0.7,0.6847488679366858
1.5,1.3856059854986094
3.3,2.115659666529692
2.5,2.2308666563754356
2.9,2.964319077619521
2.8,2.4975065724255616
1.8,1.2647543130807573
2.0,1.4895282935243799
1.8,1.6749527579331789
1.8,1.089973686346383
1.6,1.133682081825326
2.6,2.3768736530454984
1.0,0.758636073723322
1.8,1.4546118920982578
1.2,1.0493065370692345
0.8,1.3924870877518334
1.1,0.6353751703361652
1.8,1.367546604939427
1.4,1.1009109701904087
0.6,0.139303128123613
0.5,0.37053559571660366
2.7,2.2001737220840716
1.8,0.8149101988904253
0.2,0.8416455144840103
4.4,3.2875155021682945
1.8,1.661707873489132
2.1,1.8476592058835262
5.8,3.2296219730311444
1.0,0.9017435717413337
1.8,0.45474253265246234
0.7,0.4390639909993239
2.5,2.101907200878117
1.3,0.8829458712997544
1.3,1.3057406321961358
1.8,0.06928833926194167
2.6,2.5154869914685443
1.8,3.3641922721062683
2.1,1.6681916240783181
3.0,2.2840787688963955
1.8,1.0803808984156147
2.0,1.794275735503946
1.5,1.345236966921655
3.5,2.9505637042475343
1.5,1.0875624092718381
4.5,3.6753577112717757
1.5,1.6098706201139563
0.4,0.7923829227320807
0.7,0.21507512427226572
1.8,1.2710684135723498
1.8,0.09577489261776306
1.8,2.046469125063549
1.5,0.9237308664773994
1.2,1.1970260524264977
2.4,2.10267716855138
0.4,0.6802728833578764
1.9,1.6103598260528063
2.1,2.230549297591856
1.1,1.5981030217472045
0.5,0.8039285844064517
0.9,0.9251804765586009
1.1,0.9404764920567188
1.8,2.2187748382934185
1.0,0.7985147996664377
1.2,1.1068959794780038
1.4,1.439869573035052
2.1,1.854693763284603
1.4,1.7233628358374065
2.0,2.088347813268054
3.5,2.9163866875886573
3.5,2.5204102888446576
4.9,4.010352162981234
0.6,0.49584595819765775
1.4,1.1325256204253196
1.7,1.4253755061670712
2.4,2.1549380185416385
2.4,1.8341607615136009
4.6,3.7607985332711236
0.6,0.3793570724178166
2.8,2.145904415594069
4.1,4.18022892799414
2.1,1.6811304298018361
2.0,1.766534793917931
1.8,1.243770449745717
2.2,2.0138302551216505
2.3,1.9725449967773065
1.4,1.3481227735364214
5.0,5.09212974169721
0.4,0.42844292352867663
1.2,0.5725262881884245
2.1,1.5002054694178126
8.0,5.864268399357099
2.0,1.6233780236534034
3.3,2.3787790097435013
0.4,0.29391702374727147
1.0,0.9393644131660877
0.9,2.081935560382427
0.7,0.8996544148153114
2.7,2.2263362957757464
1.2,1.8734021000019776
0.5,1.2977345334837445
1.8,0.8901858593404193
1.8,0.800451342170651
1.8,-0.29295819868209594
1.4,0.9544758834576559
1.7,1.4421617278610595
2.9,2.763838476966165
1.1,1.0433070950410543
2.9,2.5024404516979133
3.2,2.276149867685849
1.8,1.8262830711876703
3.5,2.8946742458609815
3.8,4.357929391709407
0.4,0.6609996596863641
1.5,1.2451627471456064
1.8,1.074577962157231
1.8,0.914145868620741
1.5,1.295123254157458
0.6,0.4311525496363715
1.8,0.8350366502506519
1.5,1.0745403494473167
0.9,0.8100886336539002
2.1,1.5931352293038057
2.9,1.0352444101888947
1.7,1.3696053792485925
3.5,3.5718173316025847
3.5,3.573237463857032
1.9,1.672514564924238
1.6,1.3827360765624634
0.4,1.3996515881772353
2.0,1.8113965053165122
1.9,1.6286590341905962
1.5,1.3900880474958397
0.7,0.7227412130897282
1.3,0.8007201846325818
2.3,2.317417360517466
2.0,1.7280808976923874
1.0,0.7632478344943607
0.4,0.033204795163013
1.3,1.4711643236494765
2.2,2.072180978912189
1.3,1.2886695908429489
0.5,-0.0853188853949658
4.2,3.5702467260722885
1.3,1.633221500186387
1.8,0.7478251286468602
1.3,0.8372087307021403
1.5,1.2981707764282797
2.1,2.0635898045897467
3.9,3.368621732655792
0.6,0.49006334514292194
1.0,0.48039985354427994
1.4,1.3654637535217802
2.3,1.8278953616079119
1.8,1.8430141610367112
1.1,1.1228136655612992
0.8,0.6313080233646939
1.8,1.91900601932029
3.8,3.0208812174734607
0.8,0.4146550595526852
2.9,2.949153802284446
2.2,1.5160251737910018
2.2,2.422391368768554
0.9,1.074686445422289
1.8,1.1624162679625014
0.8,0.520929426185937
1.6,1.516716732963339
2.5,1.8542366201258584
2.1,2.02060530039391
1.1,2.0654704809377606
1.7,1.547082037448789
3.4,3.665282733662033
1.2,0.7739856179391988
0.8,0.4427404474144563
0.6,0.6585642020562219
2.8,2.1379008427428254
1.9,1.91989038260145
0.6,0.25271622397979754
1.6,1.1197533190516051
1.8,1.8679902906146721
4.8,3.778814234624094
1.8,0.9014110692962662
0.3,1.181468894338448
1.8,1.3037503438238724
1.1,0.8677024975923026
1.8,3.4067119337911835
1.0,1.1175816495661164
2.8,2.406667238954169
0.9,1.162732119348104
1.2,0.7231320194404565
1.8,1.7170323987946174
3.6,3.418853478755329
2.2,2.6696685769135566
1.7,1.435480705692629
1.6,1.1698982273415441
2.4,2.1349163060546874
5.9,5.659455532948589
2.4,1.8815321686925577
1.8,1.3308309939986391
1.8,1.1849113771107986
2.6,2.632057662121977
2.3,1.9020870491583155
2.7,2.32590486009324
1.9,1.2550688707201645
1.8,0.4594385249466213
2.7,1.9619773174076427
0.5,0.23736722663888776
1.4,1.057741725510096
3.0,2.5008119673822176
6.3,4.7718700855992715
1.5,1.3042001361767364
1.8,1.5349370780241207
4.3,3.9143302175303916
1.8,1.8915936542110197
0.4,0.039643381879108874
1.0,0.7813601029173427
3.6,3.025510357915551
3.2,2.9705919328180244
3.5,3.387978903730179
1.4,0.6116977954074712
3.6,2.2882862755889435
0.7,0.7713188142238174
0.7,0.4299437805377939
1.8,1.572800973263998
2.5,2.1567430070262206
1.6,1.3306694642613364
1.8,1.6246625075542291
2.0,1.9849278575211553
0.2,0.1355439323742178
3.6,2.5019526864106374
1.6,1.6317475295733839
1.7,1.7073552794372708
1.8,1.3840605095966356
1.5,1.0660827103949297
1.8,1.6484564346707564
2.6,2.375918022377425
1.3,1.0650569594447763
1.8,2.026934451071761
1.8,1.168936726339605
3.1,3.159507368051071
4.4,3.2416594644157866
1.2,0.3196868009286624
0.7,0.6718139649731774
2.3,1.6843481568620913
0.7,0.4126370358858129
1.7,1.5179726727488714
1.8,1.622681854963312
2.5,2.4062639260206784
2.8,2.3546368193034892
1.8,1.8235302533297255
3.2,3.208989538420217
1.6,1.1558518813453311
0.6,0.3839652969704719
2.0,1.6017338023627996
1.2,1.4732494980998636
1.5,1.268453260319495
1.0,0.5299509919719645
1.4,1.5253644077981612
0.8,0.84603037425665
3.1,2.591938327684356
1.8,1.483530042372287
1.3,1.5268563533227908
2.5,1.867800542757368
1.8,1.5820105803103515
1.8,3.1425163537380802
1.8,0.6219083118697359
0.8,0.6697987314373115
1.9,1.8462105444671297
1.8,1.6688669359006667
1.8,0.40931898905284037
2.7,3.0943215030259905
2.1,1.750113216070081
2.7,2.667176792739189
1.8,1.2567392573861413
1.2,1.1766018347038538
0.7,0.7644958957322225
1.0,0.9050610423229756
0.9,0.623171973553827
1.8,0.18747005710036047
2.6,2.1694780336268873
2.1,1.8011947957077705
2.6,2.3283101378500346
4.2,3.5645462204785616
1.8,1.872820221160111
2.1,1.9830005461800897
0.8,0.30090973829547396
0.8,0.6142593526436007
1.8,0.9225332553524964
2.8,2.612545204191648
1.8,1.2638346909388172
0.9,0.5559393994914199
0.8,0.542347387176217
1.8,3.0776854387742265
1.0,1.314850541404771
0.6,0.9330859725997587
0.7,0.6960675282828348
1.7,1.3075042000837205
3.5,5.100898034005365
3.5,3.3199120380563683
1.7,1.2883305487448906
1.8,1.0513782267061405
1.3,0.7338459937912729
0.5,0.4171471076507709
3.0,2.2350362414990146
1.8,3.1200781863544833
0.5,0.34926916139977426
0.6,0.6477944011108383
1.8,1.4653973391012467
3.4,4.224713965216854
1.0,1.2195094223584693
4.8,4.880886286462155
3.5,2.7768389989250535
2.3,2.166333763583984
2.0,1.8862868178719325
2.2,1.8464172301573971
1.8,1.524112907845275
1.7,1.6298257109177958
2.0,1.6677983379347303
0.9,1.0482790416703267
1.8,2.907881758394681
0.8,0.5594567535643484
1.8,2.58562357134252
1.4,0.8409882598625237
2.6,2.3488924498717108
0.8,0.34719189793675653
1.8,1.1004667074599688
1.0,0.933618187604034
1.8,1.509276847008361
1.6,1.4151148437340255
0.3,-0.031649527102963315
6.5,5.08778631180534
3.7,4.084500616670457
4.3,3.5660149749343804
1.3,1.2408045580222535
0.7,0.8567509631783004
1.1,1.5375808412878844
0.6,0.42624815314666264
1.8,1.4007498096219122
2.2,1.9565837177351635
1.4,0.7564893601865561
2.4,1.6329052466106775
1.0,0.8781410899424389
3.3,2.630130047323446
1.0,0.9396136744217765
7.3,5.390900079390712
1.3,1.0381469575905138
0.3,-0.16997156688071513
0.6,0.37600939160305
1.0,0.4142712746045669
5.6,3.3280940255346865
2.8,2.3080309965247765
1.1,1.3905330086148373
1.8,1.8329965006226496
1.8,1.842331698215949
2.9,2.9989485141421457
2.6,2.204012193975301
1.8,0.36426838242562365
1.5,1.4067425851106015
1.6,1.4901782467940636
1.3,1.6023007438787902
4.8,3.8811018417227565
2.8,3.06311505479853
1.4,1.1870857159636072
2.1,1.9427162784149996
1.8,1.1791969857442974
2.9,2.7387948021442226
1.9,1.5331847452856682
2.1,2.111631517717164
1.9,1.6561449803743273
1.8,2.6229662535752185
1.8,1.450795571213509
0.1,0.270687921011068
2.6,2.2437897333649532
0.9,0.694174138477587
1.3,1.2494224544049415
1.8,0.4248146976535434
3.7,2.707517395223202
2.6,2.4704112049800817
1.0,0.971486546241185
2.4,1.6482290865508171
1.0,0.7569315554224509
0.5,0.7041082938117986
1.8,0.9040751305837316
1.8,1.432989346697878
1.2,0.9362443028176336
0.6,0.7609367098142061
3.3,3.5165095160665256
1.3,0.8220460826934313
5.4,4.465690314504047
1.0,0.7071682015343588
1.8,0.13140484861716062
1.0,1.060811539162073
1.8,0.9315940934821239
0.5,0.6042853817869476
1.8,1.5655143295083098
2.8,2.93731691528437
2.3,2.7784216149890026
4.4,4.066625087365759
0.8,0.8624242905750379
1.3,0.9013248750121188
0.7,0.3691916594999234
0.8,1.8779118657594704
1.8,1.3534619119295555
1.0,0.8271013782758205
3.4,3.6117886676374944
2.0,1.5657914329815745
2.5,2.0871277976060534
0.3,-0.23004827248214776
0.3,-0.1689746193549202
2.0,1.8188470483535975
1.2,1.066742852987033
1.8,3.8790749306946246
1.3,1.2161599585300022
2.6,2.3657281501176097
1.2,0.9921403262159167
1.0,0.9078482791359633
1.4,1.2060851891071989
1.8,2.639313398171015
3.8,3.1456456526092538
3.8,2.390817027730084
2.0,1.6014646018424974
1.2,0.964906520173451
3.0,2.3245921415350717
5.5,4.139231533985472
0.8,0.47389814801008345
1.9,1.6787174690326299
1.9,2.1114276678218906
6.0,4.6536986840905294
1.9,1.7001624392730148
3.0,2.2217084586297586
4.2,3.2482654495040633
3.3,2.4527640897455294
1.9,2.0534566488255934
2.0,2.0236970569017316
0.6,0.6305501271794003
2.6,2.2545947491181613
3.3,2.7211413141620366
2.2,1.575888018938033
6.3,6.832036520730639
1.0,0.46925136490065866
5.6,4.434454011999747
3.8,3.0137993355899724
1.4,1.2953875336642564
1.8,1.2318541012335325
2.2,2.433545342258945
4.2,3.070660117383932
1.8,0.2399920781711702
0.9,1.1607287566130362
2.0,2.245427287988513
3.2,3.17739322399425
2.0,1.8316268870527506
0.4,0.005985306441072424
2.1,1.706395552164957
4.1,3.6643274377103467
0.6,1.4288651932562664
1.8,0.7924420079386465
0.7,0.792917963580563
1.8,0.4303396314951482
1.4,1.4838403569079053
3.1,2.428343897565161
2.0,1.9406144134091337
1.8,1.582607340393229
6.5,4.710907257858188
1.8,0.45570507924070247
1.1,1.0862424932181658
1.0,0.8897346076140726
2.5,2.080003724621505
1.5,1.145366552955038
2.6,2.1619885025303915
2.8,2.809723504988324
1.9,1.445353578056434
6.2,5.959537111165426
3.0,2.7399845955619107
2.3,2.036082620922606
2.3,1.8348187108854006
1.8,2.3391588326682133
1.2,0.8750082779404398
1.8,2.589702365533471
2.4,2.573983468710922
1.3,1.493895293173097
1.8,0.9734089103490369
0.5,1.4924479365010788
6.4,2.744483826122165
1.5,1.456226085802394
1.9,1.5033541146156044
2.5,2.3925594944195776
1.7,1.3688688354495637
4.7,4.199146656803189
0.8,0.4536666841654058
1.7,1.9046623364908295
1.8,1.202726494254551
3.2,3.2966092873713944
2.6,2.5453412327259715
1.8,1.345150833960001
0.9,1.6081702064665504
0.6,0.001012091128927084
1.3,1.2015237787322308
2.3,1.950297907811165
1.3,1.7017866125311443
1.6,1.414208303239119
1.2,0.7207676101830789
1.8,2.557331464028219
2.8,1.1311513784873006
1.8,-0.06422022025941332
1.6,1.4509834945145155
2.8,2.7992297790254432
2.8,2.7783323612890882
1.8,1.7990316160664153
1.7,1.31158895530857
1.6,0.9859319037527933
4.3,4.394600800530703
1.8,0.629364951301969
1.6,1.1955754633555267
4.3,3.9242640877758923
1.7,1.334775166787418
2.7,2.1407532252127655
1.5,1.6638610086269365
1.8,1.3768621105309733
0.6,0.18990938596908635
1.7,1.4729047458723767
4.4,3.7158182280814884
4.6,3.690870287518597
1.9,1.754618228916392
5.9,5.068919121273693
4.1,3.741007551384678
1.8,0.7713199462350555
2.2,2.342022487051187
2.3,2.0239974663850453
1.4,1.7812285681926339
1.8,1.0926606073326044
1.1,1.0879228945731918
1.8,1.5883876906374295
2.2,1.9451800240681818
1.8,1.7841316436639827
1.7,1.6936013234631742
0.8,0.6666854440814787
1.4,1.4496961889198163
5.2,2.2988707788994356
2.3,2.1149530859462216
3.1,2.6951419088438415
0.4,0.21745938865627568
1.8,1.7919174448017434
1.8,2.7210247996093164
3.1,2.81795845985058
0.5,0.3812159780250992
3.6,2.3849667421562826
1.8,3.3960209363268223
1.9,1.5775065182140384
2.7,2.6367880602381346
1.7,1.6445436273101954
1.8,0.3348015920419771
1.7,1.9826279430391043
1.2,1.568391617452046
3.5,3.5853583563413256
1.7,1.5466737076822326
1.8,1.5655143295083098
1.1,0.4869823934694997
1.6,1.6127160121900732
1.5,1.5515897721396943
0.8,0.6585537897744598
1.8,1.0048604208856762
0.5,0.5038091783602723
4.4,4.011320530264535
1.2,1.4491380097632818
2.2,1.61726689364398
1.3,1.2500064936549575
1.8,1.1810041790161723
1.7,1.3266852393419746
4.0,3.0798183706912505
1.5,1.4320578716296608
2.0,1.5717278791092428
0.6,0.9246158708310422
3.3,3.4529584239184263
1.0,0.7458872865543955
3.4,2.610764578634763
2.2,1.87401732434051
0.7,0.6255606973273737
1.8,0.6985213101312513
2.5,2.379279536122943
2.5,2.1567327077648675
2.4,1.9590152129887746
0.3,1.4524659230590244
2.2,1.9644860731801568
3.4,2.409664608154813
2.9,3.0706195263968183
1.4,1.34123784635569
4.0,4.17527365893827
0.5,0.29141898631985685
1.8,0.9526901232391629
1.8,1.1939481730829415
1.6,1.191848903461392
3.8,3.8346549555157
0.6,1.0928172918585206
1.8,1.2673635694264576
1.2,1.177517834694385
2.9,2.5121711600055825
3.6,3.759644044899035
3.0,3.050893776970155
0.6,0.7903936234455562
1.8,1.5655143295083098
1.9,1.7673748445045803
1.4,1.381621151814625
1.8,1.670416846696774
4.6,3.437645162396605
1.8,1.3283283271583375
1.8,-0.2653833215859909
1.4,1.0692890634852448
1.8,0.9960520182840363
0.7,0.41421579388768537
2.6,2.0458541361058136
0.2,0.5557483045986062
1.8,1.9630829361241213
0.9,0.7632662889713686
1.8,1.0704739528542557
3.2,3.840902167860934
0.5,0.32671841645174005
0.7,0.7733964835878886
1.8,1.337479022638453
0.7,0.5121066097688509
1.0,0.6826543661478865
0.7,1.213776044908524
1.3,0.8716098801651434
4.3,2.9073214016063362
1.8,3.131904054495786
1.8,1.5238759786226215
4.2,3.623255405996997
1.1,0.635990220747374
5.4,3.75597033083402
0.4,0.7433502716972777
1.9,1.5121047115205626
2.2,1.9992630705380607
1.5,1.1085280992784612
2.9,2.561172948108097
1.8,1.0256622063839274
1.0,1.846034213600341
0.7,0.46002266303786854
2.8,3.3509735169427763
2.6,2.136943994520336
1.8,2.6659396554795793
0.9,0.8298461188052415
5.3,5.100299448525018
1.8,1.978515792794775
2.0,1.4826103563323088
4.1,3.6581688999751156
1.8,1.7334572528065846
3.3,2.6586827242493927
2.3,2.157477139039036
0.8,0.41421209547722104
1.3,1.0122489960502428
1.8,2.913443487260071
1.8,1.6861035047955728
0.9,0.73968450462809
4.4,4.06815785133712
2.4,1.7405828026555146
3.4,3.005010490993529
2.8,2.251801077044653
2.4,1.9710372832601926
4.0,3.294149390806472
1.8,1.5716763774409381
2.3,1.775053063477049
1.7,1.493177833119429
7.5,5.4005837589922585
4.2,3.7111667856598642
1.4,1.2869477081983924
3.5,3.132199106988484
0.5,0.4444777854600903
1.8,0.968815651248123
0.8,0.7586155095197828
0.4,0.017204976804263472
1.8,-0.027568207267654854
0.1,1.1185091830689415
3.3,2.73788235615964
1.8,1.5987706937058768
0.9,0.6141630518587708
1.3,1.228011825367257
1.4,1.1150992912562459
3.4,3.710734102022816
2.8,2.32607419883346
0.8,1.0174898674125887
2.8,2.4435217160989855
2.4,3.686510752678595
2.7,2.084174799548199
3.0,2.8665733575322916
1.2,1.123330717395524
3.5,2.7969317446822877
3.5,3.4998659975536635
1.8,0.7871028215318079
2.5,2.2495405556111905
1.8,1.4912176915156017
1.1,0.75970863538466
1.8,1.4933763673975053
1.6,1.513765411085791
1.0,1.3507914651836788
3.2,2.8679283712412946
1.0,0.9918765428712671
1.4,1.351980089853941
0.6,1.0739712729211317
1.8,1.398908422962917
0.6,0.43186994518531385
4.7,3.681077778045112
1.0,0.8967415807984597
1.8,1.8406977143624323
4.0,2.964426210101885
1.1,1.3800587933414439
2.4,2.2063708994253877
2.8,2.448556855412207
4.6,4.672105476685716
1.2,1.1028867811433765
1.8,2.37350595545165
5.5,4.363560491792583
3.1,2.435765591323932
3.0,4.291862826913865
2.6,2.5220973466425383
1.8,1.2312500014184011
1.1,0.5211952711820809
1.1,0.8324784372759234
1.8,2.503516971055093
0.6,0.44722330439735547
3.4,2.14822082982928
1.2,1.226794784852497
1.8,1.5655143295083098
1.8,1.8642841542345163
2.7,2.372941673727692
0.8,1.1874193205909456
0.8,0.20801361522593442
0.6,1.2221324846652144
1.4,1.0098364484938025
2.1,2.5430252456134856
3.1,2.288832759669512
0.5,0.4356147910814381
2.8,3.333905238273247
0.6,0.5252634358248673
1.8,1.8966163389651416
0.3,0.2633872664927994
2.7,2.3033463971444563
0.7,0.38894495081775515
0.9,0.7599196531967221
1.3,1.4259616981584393
1.0,1.082983447546916
0.7,0.6001144523322057
3.6,3.1752322567859403
0.7,1.054217052516739
0.5,0.3852278108557239
1.9,1.4136031357881078
1.5,0.9775080962926901
1.6,1.3215631358058186
1.7,1.5395017195749332
0.5,0.5046283327647205
0.4,-0.05576791633701439
0.4,0.358317389643388
1.4,1.7028643576113076
1.7,1.1477602573481502
2.8,2.6204429311575206
1.0,1.764818767790502
1.6,1.3081198020076892
0.7,0.9986161834013433
0.5,0.27970728162416414
0.4,0.8061027948071395
0.9,0.5405930758486182
1.8,2.014101276638134
0.9,1.8978424883834917
2.7,2.9053039862736263
2.2,1.7030239382511785
5.4,3.6605560397338137
1.4,1.0517155592895697
1.8,2.1981147617320946
3.5,3.1419469107569657
1.8,1.5789994226219686
0.6,0.9404677882088193
0.2,0.9420399350436838
1.8,0.5778811616158948
1.8,1.2507222728841634
3.2,3.147441985361218
0.6,0.16745322946917063
0.8,0.9526848932275416
1.8,3.6154863636556964
2.8,2.254148942944659
1.8,1.50703567418577
2.0,1.7730273462035726
1.4,1.147441954547348
2.4,1.0452358477446242
0.8,0.9773476061275116
1.8,1.0777554859667284
1.1,0.8056977687618843
2.4,2.4040777902434947
0.6,0.040403704576143395
1.6,1.4633758312025225
1.5,1.4123687460973642
2.1,1.9414133500077386
4.0,3.4293287474724465
3.3,3.152459706287927
2.0,2.116116965599248
4.8,4.7534367145352565
3.7,3.1156246573943633
1.8,0.9595812994892641
1.8,1.6532525936709384
1.0,0.6816550790713403
0.7,0.526054445553114
2.9,2.5623079746855892
1.7,1.3919861618326599
1.8,0.9842197858941688
0.7,0.7879263350907388
1.7,1.4842832519803566
1.8,1.5898728089989191
3.4,2.706518771904667
4.9,2.96856888975048
1.8,2.1801688403744004
3.1,3.7486824694778687
1.4,1.1098861396643214
1.8,2.4076678990717872
2.4,1.3689453682616537
1.8,0.8815177827318516
1.0,0.9543521272678673
1.8,1.4938381968037886
1.3,1.1794040795330631
1.8,1.195638952972025
1.0,0.33867362853778316
1.1,0.6833824898418079
3.5,3.4705685066330956
0.5,0.6158541287685506
0.1,0.3166132035069553
2.5,2.257111892776801
2.2,1.9117511719102285
2.1,1.955984021090299
2.1,1.8076743330517626
2.8,2.8794738241571087
2.2,2.3624196511570092
1.8,1.422730828681949
5.0,4.7601700039313295
1.7,1.7981501682846541
2.8,2.0449742443086745
2.7,2.674114383341877
0.8,0.6114344503228464
1.8,2.1085101642183033
3.9,2.9326431165446456
1.2,0.9642738911171166
1.8,0.9818149647140026
2.6,2.040172184450257
1.8,3.3523056484103355
1.8,2.0394524646406027
2.0,1.9226883993911197
2.8,2.4846472814050142
1.8,0.9478484302156909
1.8,1.9294135542220527
1.6,1.493004522832744
2.8,2.2059508867771536
5.9,4.141369131829349
1.6,1.7440476648081145
3.0,2.546180041897374
1.8,1.7309604249085029
2.4,1.4216343862368535
3.2,3.1265884357190226
1.9,1.7170406419323196
2.7,2.0772010838932182
2.0,1.6857782957298517
1.8,2.1529143208611967
1.2,0.9236626838893017
1.8,1.6622215565349525
1.8,2.9337540450089152
2.0,1.8945002958594381
1.7,1.8843890504671978
4.0,2.9185684842166015
0.7,0.6887946877925493
0.7,0.6787443574103724
2.0,1.36905847086488
1.9,1.7759761728517227
2.2,1.768871863538476
1.1,0.9923135740778172
0.6,0.5379773880573069
1.0,1.1263180408354516
0.4,0.1584301003789974
2.4,2.6159012742133507
1.8,2.0503646264690714
1.8,-0.255499043387015
0.9,1.0105914795563726
1.8,1.7081448385114528
0.7,0.44630659290663344
1.7,1.4100619090358535
1.7,1.824704745585273
2.0,3.026338265760825
1.8,1.568664696023716
2.0,1.5341023707101897
1.0,0.6028676444109353
1.8,1.9295801018768481
1.8,0.3126022342194896
1.1,0.5696125939517453
0.7,1.1155224345783947
1.5,1.4861331031437226
1.5,1.1558309933954973
2.6,2.4319250836116852
1.7,1.2445999176884794
1.7,1.6701632624556642
2.1,1.8684803075378116
3.4,3.1187432665868755
1.8,2.194250121461222
1.2,1.535987072742035
1.5,1.25015360356252
2.6,2.1190964230461455
0.7,0.4933231729535117
1.8,0.5260181774390384
1.8,1.4077600019607668
1.6,1.6519709560812443
2.7,0.8617237863548012
3.1,2.1238815369323203
1.8,1.7781996968230784
2.8,2.7681620848382313
2.3,2.4891164908714147
1.6,1.2221037791710863
1.8,1.35937394400051
1.8,1.3350468827102635
1.1,0.921152196388793
1.2,1.1069449179374597
1.7,1.625668704224876
2.2,2.1427088273817105
0.4,0.345755242355539
1.5,1.5498860473629998
2.3,2.0162782124507292
2.6,3.6637405006257087
2.4,2.328070874174749
1.0,1.7659622938517576
0.5,0.34662426793488055
0.3,0.7940620238618701
1.6,1.2336210372874752
1.1,0.8250210556364697
1.5,1.3113424215755178
1.8,2.272408086870187
2.8,2.6856964233463803
1.3,1.1572063032000117
1.8,1.3318425974521224
6.8,6.077880952850887
2.3,2.56822100426675
1.8,1.5370527681390556
2.8,2.77685885807673
1.9,1.4144637192970004
4.0,3.634988825666266
0.8,0.5951788482631093
1.8,1.268143652235363
1.5,1.674830876193831
0.9,0.7954997051569108
1.8,1.0086431201161485
3.2,2.616792250692684
5.2,5.253515114935934
1.4,0.9289800483579991
3.7,3.435971658893549
1.0,0.9746935504282794
5.5,3.1511424398573533
0.5,0.3696776244804012
2.2,2.234605343486604
1.8,1.587211226736363
2.2,2.603565023168011
1.8,1.9394557189243884
1.8,1.5412735621586424
0.1,0.7478702266687212
3.1,2.649846716033732
5.9,4.314775124541193
3.9,3.1150349909949204
2.6,2.2061654502889354
1.8,1.5319982056996833
3.2,2.771498281122085
4.1,3.4542309603338506
2.4,2.140636816178492
4.0,3.880000612241205
2.3,1.6551224039573473
1.8,1.2564314716269176
3.6,3.378996396431188
1.3,1.088461415760702
1.8,2.195900843973806
1.7,1.5405372901713479
3.0,2.2517970073529856
0.7,0.7190296918546213
1.4,1.6270400623079984
5.4,4.311229592053594
1.8,1.3278377516473536
0.1,0.9964472912799127
0.9,0.6506746489841764
1.9,1.3054372397338945
0.7,1.0158098718577233
4.9,3.9967446248925196
2.8,2.6226442317735
3.6,3.004539246923577
1.2,1.2862157143502715
1.2,1.0464604825688937
0.7,0.7568842124148112
0.4,0.8837575782960367
5.1,4.730593852570041
8.1,6.442402675087681
2.2,2.506299947012037
3.3,2.1870214955461766
1.6,1.6686879851074596
1.8,1.8082898138571117
3.7,2.6922777131571554
1.5,1.3887512150933652
1.8,0.025933822711381005
1.9,2.3571970574398153
2.1,1.8867465320246999
1.8,0.8668084958584648
1.8,1.5134148570040775
0.3,-0.12951552798407984
3.5,3.1238281701808717
1.1,1.1095072203246996
0.6,1.4884656874292224
4.5,3.6976275410529444
1.8,0.6442988268672156
2.2,1.8543717113490517
1.7,1.5913042622487696
3.0,2.1938186469679395
1.3,1.1644888984759394
0.6,0.4550958569926937
3.1,2.4597233023057963
2.4,2.442824946701671
2.2,2.021875829044697
1.8,1.965607210950878
1.8,0.2769446490275811
1.8,1.4273979460225958
1.8,1.3752805247364397
2.7,2.4855317900725526
2.0,1.5396588180318764
2.9,2.2833599234342987
1.2,1.234882695811786
1.8,2.0076514498699227
3.1,2.4197301573638024
3.3,2.963247142937823
1.6,1.4302337629762545
1.3,1.5653308019300392
1.8,3.0106822690198793
0.4,0.8413073056296889
4.3,3.2999990543482554
1.4,1.0057267533786938
1.2,0.9948386006712558
1.4,1.1297733252164064
1.8,0.9250205965957703
1.8,1.449437561084803
1.7,1.4733307461793597
0.5,0.7489151301651573
1.8,1.973772505801426
1.8,2.128842046606292
0.8,0.4601044032192869
1.8,1.160847968324635
0.8,0.931383751136362
1.8,1.587545885955568
0.8,1.3157058053291601
2.3,1.7752298609606971
1.2,0.7805709666754417
2.1,2.055890371853844
1.8,0.5721973196610424
0.8,0.4836283212868999
2.9,2.9712926911963775
3.1,3.2906306262502474
0.6,0.7975762742412134
1.4,1.2501533915146559
1.8,0.25684041719059447
4.7,4.176255184947812
4.2,3.282809130461013
0.7,0.7614966919443866
4.1,3.0943791192635306
1.7,1.317556453038669
2.6,2.0688912188103377
0.6,0.275429998944279
1.8,3.5487617707403114
4.8,4.393239058344109
1.8,1.7243914644510339
1.7,1.4890518139963342
2.5,2.088653656866103
2.5,2.2113862396768735
3.3,2.6439268769938447
3.4,3.471291320561595
3.4,3.2225419337719146
3.1,2.287417995712721
2.5,2.0897057116737305
1.5,1.4002927150397317
2.3,1.6847131326862932
3.9,3.6684117148648374
1.5,1.4437395227533825
5.2,4.568976680503702
0.8,1.2262260026465648
2.0,1.5958027552106668
1.8,2.0397765254517566
0.1,1.0360239928812724
1.2,0.9198955270802227
1.7,1.4930852536954293
4.8,3.7025842461528606
1.8,2.868427184098088
6.8,2.7692035688320704
3.9,4.095590827329597
4.3,3.462048905889195
2.3,2.0820082903002386
3.5,4.015549528786223
1.8,1.7918748764766177
1.8,0.9874703025321451
7.1,4.648511403082669
1.8,2.5764792383657626
1.5,1.7279058081402474
1.9,1.7843313271642516
0.9,0.5485970309462143
3.0,1.3999401545360963
4.8,4.489831703322174
1.1,0.8277411448347479
1.4,1.4077906279556909
2.5,2.354751338777638
1.9,1.3218685626906255
6.6,5.928787299266714
1.8,1.2004973392303524
1.1,1.320739526847301
1.0,0.5739995669103024
4.6,3.1296889597686506
4.0,3.034801030415215
1.8,1.8478498207184315
1.5,1.3566341585172452
1.8,0.5910975923250963
1.4,1.2984875605522737
2.8,1.9164229446771062
2.3,2.7326425362487834
3.2,2.569150748438967
2.7,1.9221530886953804
1.8,0.9430789001493465
1.9,1.8335307244320123
1.2,0.9292551749321603
2.8,2.810220417536505
2.5,2.2422753087990404
0.4,0.2647203547745034
1.8,2.719913785068639
0.8,0.36476368412942395
4.1,3.602287246430469
0.2,0.3405395947750536
2.7,3.2094927278948555
2.5,2.0283154964479237
2.2,1.8946892515838791
3.2,2.726270767196076
3.3,3.224962647498558
1.8,1.0905691890945524
0.1,1.568404971530151
1.8,1.1712510312219315
1.7,1.249024397779301
2.9,2.7843569725073594
0.6,0.41338389564179634
0.9,0.834469049166555
0.8,0.33788702438923424
1.8,1.6732599896726423
1.8,2.1739484093422146
4.1,3.0619353044630735
0.3,1.1290264595536508
1.8,1.2977192107505995
2.5,1.9288525687701281
1.8,1.0552397804019042
1.1,1.1805751260226676
0.6,-0.02871829101258272
1.8,1.1084007076845042
4.4,3.851787662719838
2.0,1.9411062286024872
1.8,0.8995400459180647
0.7,0.4054634075978829
8.7,6.422856800611833
1.1,1.09715155229559
0.4,1.6097107111932376
2.0,2.0284774947205135
0.4,1.2502762106380327
1.7,1.1424900645213238
1.8,0.9028908635918131
2.4,2.0476559423801666
1.1,0.7628003008009077
0.2,0.581207568799633
0.9,1.2760318544732052
4.1,3.149649470770042
1.9,1.6831485371231998
1.9,1.828509968410237
2.2,2.2092723019088183
1.8,1.646493293357244
0.7,0.7955578444840452
1.8,1.2756868012372042
6.8,5.624170137690855
2.9,2.5036416100386583
1.8,-0.014296231635267054
2.1,1.6747374794400232
0.9,1.020310900738203
1.8,1.8318659033473834
2.1,2.174721932117375
0.6,0.4187271120639482
0.9,1.0123838259257831
1.8,1.210037712112222
1.8,1.0607326873214666
1.4,1.5655143295083098
2.2,2.02970455662001
2.0,0.9986795707820569
2.0,1.8188514750470814
1.1,0.7511428997504346
1.8,0.5343356431968949
1.8,0.8260615842326291
1.8,0.20748868755887417
6.4,5.191074284487841
1.8,3.989142482484503
1.8,0.6850394200953858
3.6,3.420067847202229
4.0,3.5773478234171296
3.8,3.6312967491255765
